Business Name,Address,Pincode,Phone Numbers,Phone Number 1,Phone Number 2,Phone Number 3,Contact Person,email,Website
Al Ansar Electrical,"No. G/5 , Sarkhej Road Ahmedabad , 380007",380007,"+917698706166, +919723881977",7698706166,9723881977,,Mohammed Altaf,,
Acharya Electricals,"Santinath ComplexSonal Road , Vejalpur Ahmedabad , 380051",380051,"+917969609858, +919925371158",7969609858,9925371158,,Bhargav,,
Abhishek Electricals,"Plot No. 194 , Gandhinagar Ahmedabad , 382007",382007,+917923288116,7923288116,,,Madhvi Joshi,,
Aashapura Electricals,"Shop No. 24, Dahyakaka Nagar, Chandlodiya Gota Road , Chandlodia Ahmedabad , 382481",382481,+919879300147,9879300147,,,Narendra Panchal,panchalnarendra0@gmail.com,
Alert Electronics,"No. 150, Sanskrit Apartment , Ghatlodiya Ahmedabad , 380061",380061,"+919825484251, +919898152426",9825484251,9898152426,,Hasmukh Patel,,
Ajay Electricals Service,"No. 26, Bhagwannagar Chawl, Vishvakunj Cross Road , Paldi Ahmedabad , 380007",380007,+919825244782,9825244782,,,Ajay Parmar,,
Amba Electricals,"No. 2, Harmony Complex , Vastrapur Ahmedabad , 380015",380015,+919825049341,9825049341,,,Ashwinkumar,,
Amin Electric Co.,"No. A/116 , Shyamal Ahmedabad , 382415",382415,"+917926764899, +919427109025",7926764899,9427109025,,,,
Ambica Electrics,"No. 14, Mirambica School Road , Narayan Nagar Ahmedabad , 380007",380007,+919375138779,9375138779,,,,,
Ambica Electrical,"No. 7, Darpan Six Road , Navrangpura Ahmedabad , 380009",380009,"+917926811609, +917930003944, +919824274956",7926811609,7930003944,9824274956,Vipul Upadhyay,,
Anchor Electricals Pvt. Ltd.,"No. G/9, Ground Floor, Suryarath Complex, Gulbai Tekra Road , Panchvati Ahmedabad , 380006",380006,,,,,,,http://www.anchor-world.com/
Amis Electricals,"No. 17, Sanskar Society , Shahpur Ahmedabad , 380004",380004,+919662543881,9662543881,,,Mohammed Ayaz,,
Ambica Electric,"No. 16, Ground Floor, Heart Villa , Gota Ahmedabad , 382481",382481,+917041340422,7041340422,,,Alpesh Patel,,
A to Z Electrical,"3269/3 , Jamalpur Ahmedabad , 380001",380001,+919662469656,9662469656,,,Imran Mansul,imranmansuri9754@gmail.com,
Anita Electrical,"No. 33, Samarpan Tenements , Ghatlodiya Ahmedabad , 380061",380061,+919426413922,9426413922,,,Vikram Patel,,
Asha Electricals,"No. 6, Trivedi Complex, Janta Nagar , Ghatlodiya Ahmedabad , 380061",380061,+919898818924,9898818924,,,Jitendra Patel,,
Amin Electric Work,"No. 9, Ground Floor , Dani Limbada Ahmedabad , 380028",380028,"+918488953779, +918758357400",8488953779,8758357400,,,,
Arvind Bhai R. Patel,"No. E132, Sector 1 , Ghatlodiya Ahmedabad , 380061",380061,,,,,Arvind,parvind1974@gmail.com,
Anna Electrical & Co.,"No. 161 , Shahpur Ahmedabad , 380004",380004,+919376715580,9376715580,,,Hanif Shaikh,,
